Campaign,Keyword,Criterion Type,Status
Search-general audience,card breaks,Campaign Negative Phrase,Enabled
Search-general audience,salaries,Campaign Negative Phrase,Enabled
Search-general audience,template,Campaign Negative Phrase,Enabled
Search-general audience,toploader,Campaign Negative Phrase,Enabled
Search-general audience,diy,Campaign Negative Phrase,Enabled
Search-general audience,loupe,Campaign Negative Phrase,Enabled
Search-general audience,bgs serial lookup,Campaign Negative Phrase,Enabled
Search-general audience,jobs,Campaign Negative Phrase,Enabled
Search-general audience,gamestop,Campaign Negative Phrase,Enabled
Search-general audience,psa popup,Campaign Negative Phrase,Enabled
Search-general audience,pdf,Campaign Negative Phrase,Enabled
Search-general audience,psa turn around time,Campaign Negative Phrase,Enabled
Search-general audience,career,Campaign Negative Phrase,Enabled
Search-general audience,target,Campaign Negative Phrase,Enabled
Search-general audience,singles,Campaign Negative Phrase,Enabled
Search-general audience,blaster box,Campaign Negative Phrase,Enabled
Search-general audience,penny sleeves,Campaign Negative Phrase,Enabled
Search-general audience,centering tool,Campaign Negative Phrase,Enabled
Search-general audience,retail,Campaign Negative Phrase,Enabled
Search-general audience,amazon,Campaign Negative Phrase,Enabled
Search-general audience,at home,Campaign Negative Phrase,Enabled
Search-general audience,ebay,Campaign Negative Phrase,Enabled
Search-general audience,cases,Campaign Negative Phrase,Enabled
Search-general audience,cgc submission,Campaign Negative Phrase,Enabled
Search-general audience,for sale,Campaign Negative Phrase,Enabled
Search-general audience,magnifying glass,Campaign Negative Phrase,Enabled
Search-general audience,fake card check,Campaign Negative Phrase,Enabled
Search-general audience,top loaders,Campaign Negative Phrase,Enabled
Search-general audience,how to,Campaign Negative Phrase,Enabled
Search-general audience,breaks,Campaign Negative Phrase,Enabled
Search-general audience,beckett grading form,Campaign Negative Phrase,Enabled
Search-general audience,psa order status,Campaign Negative Phrase,Enabled
Search-general audience,printable slab,Campaign Negative Phrase,Enabled
Search-general audience,walmart,Campaign Negative Phrase,Enabled
Search-general audience,booster box,Campaign Negative Phrase,Enabled
Search-general audience,black light,Campaign Negative Phrase,Enabled
Search-general audience,pack opening,Campaign Negative Phrase,Enabled
Search-general audience,fake cards,Campaign Negative Phrase,Enabled
Search-general audience,psa submission form,Campaign Negative Phrase,Enabled
Search-general audience,case,Campaign Negative Phrase,Enabled
Search-general audience,one touch,Campaign Negative Phrase,Enabled
Search-general audience,psa certification check,Campaign Negative Phrase,Enabled
Search-general audience,how to spot fake,Campaign Negative Phrase,Enabled
Search-general audience,custom card maker,Campaign Negative Phrase,Enabled
Search-general audience,card creator,Campaign Negative Phrase,Enabled
Search-general audience,reprint,Campaign Negative Phrase,Enabled
Search-general audience,baseball,Campaign Negative Phrase,Enabled
Search-general audience,football,Campaign Negative Phrase,Enabled
Search-general audience,basketball,Campaign Negative Phrase,Enabled
Search-general audience,hockey,Campaign Negative Phrase,Enabled
Search-general audience,soccer,Campaign Negative Phrase,Enabled
Search-general audience,nfl,Campaign Negative Phrase,Enabled
Search-general audience,nba,Campaign Negative Phrase,Enabled
Search-general audience,mlb,Campaign Negative Phrase,Enabled
Search-general audience,nhl,Campaign Negative Phrase,Enabled
Search-general audience,topps,Campaign Negative Phrase,Enabled
Search-general audience,panini,Campaign Negative Phrase,Enabled
Search-general audience,bowman,Campaign Negative Phrase,Enabled
Search-general audience,prizm,Campaign Negative Phrase,Enabled
Search-general audience,select,Campaign Negative Phrase,Enabled
Search-general audience,upper deck,Campaign Negative Phrase,Enabled
Search-general audience,rookie card,Campaign Negative Phrase,Enabled
Search-general audience,sports card,Campaign Negative Phrase,Enabled
Search-general audience,sports cards,Campaign Negative Phrase,Enabled
Search-general audience,wembanyama,Campaign Negative Phrase,Enabled
Search-general audience,ohtani,Campaign Negative Phrase,Enabled
Search-general audience,jordan,Campaign Negative Phrase,Enabled
Search-general audience,lebron,Campaign Negative Phrase,Enabled
Search-general audience,brady,Campaign Negative Phrase,Enabled
Search-general audience,pokemon,Campaign Negative Phrase,Enabled
Search-general audience,pokémon,Campaign Negative Phrase,Enabled
Search-general audience,pikachu,Campaign Negative Phrase,Enabled
Search-general audience,charizard,Campaign Negative Phrase,Enabled
Search-general audience,tcg pocket,Campaign Negative Phrase,Enabled
Search-general audience,cheapest pokemon card grading,Campaign Negative Exact,Enabled
Search-general audience,pokemon card grade estimate,Campaign Negative Exact,Enabled
Search-general audience,pokemon card centering check,Campaign Negative Exact,Enabled
Search-general audience,pokemon card centering app,Campaign Negative Exact,Enabled
Search-general audience,pokemon card pre grading,Campaign Negative Exact,Enabled
Search-general audience,pokemon card grader,Campaign Negative Exact,Enabled
Search-general audience,is my pokemon card worth grading,Campaign Negative Exact,Enabled
Search-general audience,pokemon card grading app,Campaign Negative Exact,Enabled
Search-general audience,pokemon card grading estimate,Campaign Negative Exact,Enabled
Search-general audience,instant pokemon card grading,Campaign Negative Exact,Enabled
Search-general audience,pokemon card grading,Campaign Negative Exact,Enabled
Search-general audience,ai pokemon card grader,Campaign Negative Exact,Enabled
Search-general audience,online pokemon card grading,Campaign Negative Exact,Enabled
Search-general audience,pokemon card condition app,Campaign Negative Exact,Enabled
Search-general audience,grade pokemon card online,Campaign Negative Exact,Enabled
Search-general audience,scan and grade pokemon cards,Campaign Negative Exact,Enabled
Search-general audience,pokemon card subgrade app,Campaign Negative Exact,Enabled
Search-general audience,grade pokemon card from photo,Campaign Negative Exact,Enabled
Search-general audience,scan pokemon card for grade,Campaign Negative Exact,Enabled
Search-general audience,pokemon card grading scanner,Campaign Negative Exact,Enabled
Search-general audience,fast pokemon card grading,Campaign Negative Exact,Enabled
Search-general audience,pokemon card condition grader,Campaign Negative Exact,Enabled
Search-general audience,check pokemon card before grading,Campaign Negative Exact,Enabled
Search-general audience,pokemon card grading online,Campaign Negative Exact,Enabled
Search-general audience,check pokemon card condition online,Campaign Negative Exact,Enabled
Search-general audience,ai pokemon card grading,Campaign Negative Exact,Enabled
Search-general audience,pokemon card condition check,Campaign Negative Exact,Enabled
Search-general audience,pokemon card grading service,Campaign Negative Exact,Enabled
Search-general audience,pokemon card centering tool,Campaign Negative Exact,Enabled
Search-general audience,pokemon card grader app,Campaign Negative Exact,Enabled
Search-general audience,grade raw pokemon cards,Campaign Negative Exact,Enabled
Search-general audience,estimate pokemon card grade,Campaign Negative Exact,Enabled
Search-general audience,app for grading pokemon cards,Campaign Negative Exact,Enabled
Search-general audience,grade my pokemon cards,Campaign Negative Exact,Enabled
Search-general audience,grade pokemon cards online,Campaign Negative Exact,Enabled
Search-general audience,app to grade pokemon cards,Campaign Negative Exact,Enabled
Search-general audience,pokemon card subgrades,Campaign Negative Exact,Enabled
Search-general audience,should i grade my pokemon card,Campaign Negative Exact,Enabled
Search-general audience,digital pokemon card grading,Campaign Negative Exact,Enabled
Search-general audience,pre grade pokemon cards,Campaign Negative Exact,Enabled
Search-general audience,how to grade pokemon cards fast,Campaign Negative Exact,Enabled
Search-general audience,pre grade my pokemon card,Campaign Negative Exact,Enabled
Search-general audience,pokemon card grade scanner,Campaign Negative Exact,Enabled
Search-general audience,app that grades pokemon cards,Campaign Negative Exact,Enabled
Search-general audience,ai pokemon card grading app,Campaign Negative Exact,Enabled
Search-general audience,online pokemon card grader,Campaign Negative Exact,Enabled
Search-general audience,check pokemon card grade,Campaign Negative Exact,Enabled
Search-general audience,instant pokemon card condition,Campaign Negative Exact,Enabled
Search-general audience,online sports card grading,Campaign Negative Exact,Enabled
Search-general audience,baseball card grade estimate,Campaign Negative Exact,Enabled
Search-general audience,grade victor wembanyama card,Campaign Negative Exact,Enabled
Search-general audience,digital sports card grading,Campaign Negative Exact,Enabled
Search-general audience,football card grading service,Campaign Negative Exact,Enabled
Search-general audience,sports card centering grader,Campaign Negative Exact,Enabled
Search-general audience,grade shohei ohtani card,Campaign Negative Exact,Enabled
Search-general audience,basketball card grading service,Campaign Negative Exact,Enabled
Search-general audience,panini card grading,Campaign Negative Exact,Enabled
Search-general audience,sports card grade estimate,Campaign Negative Exact,Enabled
Search-general audience,app to grade sports cards,Campaign Negative Exact,Enabled
Search-general audience,best way to grade michael jordan card,Campaign Negative Exact,Enabled
Search-general audience,check sports card centering,Campaign Negative Exact,Enabled
Search-general audience,topps card grading,Campaign Negative Exact,Enabled
Search-general audience,grade sports cards without shipping,Campaign Negative Exact,Enabled
Search-general audience,sports card condition grader,Campaign Negative Exact,Enabled
Search-general audience,grade tom brady card,Campaign Negative Exact,Enabled
Search-general audience,instant sports card grading,Campaign Negative Exact,Enabled
Search-general audience,grade my card,Campaign Negative Exact,Enabled
Search-general audience,ai sports card grading,Campaign Negative Exact,Enabled
Search-general audience,grade my baseball card,Campaign Negative Exact,Enabled
Search-general audience,grade rookie cards online,Campaign Negative Exact,Enabled
Search-general audience,how to grade sports cards fast,Campaign Negative Exact,Enabled
Search-general audience,find my sports card grade,Campaign Negative Exact,Enabled
Search-general audience,sports card centering check,Campaign Negative Exact,Enabled
Search-general audience,cheapest sports card grading,Campaign Negative Exact,Enabled
Search-general audience,michael jordan card grading,Campaign Negative Exact,Enabled
Search-general audience,sports card grading from photo,Campaign Negative Exact,Enabled
Search-general audience,baseball card grading service,Campaign Negative Exact,Enabled
Search-general audience,bowman chrome card grading,Campaign Negative Exact,Enabled
Search-general audience,grade raw sports cards,Campaign Negative Exact,Enabled
Search-general audience,check sports card grade,Campaign Negative Exact,Enabled
Search-general audience,grade my football card,Campaign Negative Exact,Enabled
Search-general audience,fast sports card grading,Campaign Negative Exact,Enabled
Search-general audience,grade lebron james card,Campaign Negative Exact,Enabled
Search-general audience,hockey card grading service,Campaign Negative Exact,Enabled
Search-general audience,pre grade sports cards,Campaign Negative Exact,Enabled
Search-general audience,sports card subgrades,Campaign Negative Exact,Enabled
Search-general audience,check sports card condition online,Campaign Negative Exact,Enabled
Search-general audience,sports card grading app,Campaign Negative Exact,Enabled
Search-general audience,instant sports card condition,Campaign Negative Exact,Enabled
Search-general audience,sports card grading,Campaign Negative Exact,Enabled
Search-general audience,card pre grading app,Campaign Negative Exact,Enabled
Search-general audience,check card before grading,Campaign Negative Exact,Enabled
Search-general audience,pre grade my card,Campaign Negative Exact,Enabled
Search-general audience,grade michael jordan card,Campaign Negative Exact,Enabled
Search-general audience,grade a card from photo,Campaign Negative Exact,Enabled
Search-general audience,grade my sports cards,Campaign Negative Exact,Enabled
Search-general audience,grade sports card from photo,Campaign Negative Exact,Enabled
Search-general audience,sports card condition check,Campaign Negative Exact,Enabled
Search-general audience,sports card grading service,Campaign Negative Exact,Enabled
Search-general audience,grade my basketball card,Campaign Negative Exact,Enabled
Search-general audience,how to grade a sports card,Campaign Negative Exact,Enabled
Search-general audience,estimate sports card grade,Campaign Negative Exact,Enabled
Search-general audience,sports card pre grading,Campaign Negative Exact,Enabled
Search-general audience,check my sports card grade,Campaign Negative Exact,Enabled
Search-general audience,how to grade sports cards online,Campaign Negative Exact,Enabled
Search-general audience,grade my sports card,Campaign Negative Exact,Enabled
Search - Pokemon,rookie card,Campaign Negative Phrase,Enabled
Search - Pokemon,sports card,Campaign Negative Phrase,Enabled
Search - Pokemon,wembanyama,Campaign Negative Phrase,Enabled
Search - Pokemon,ohtani,Campaign Negative Phrase,Enabled
Search - Pokemon,jordan,Campaign Negative Phrase,Enabled
Search - Pokemon,lebron,Campaign Negative Phrase,Enabled
Search - Pokemon,brady,Campaign Negative Phrase,Enabled
Search-sports,pokémon,Campaign Negative Phrase,Enabled
Search-sports,tcg pocket,Campaign Negative Phrase,Enabled
Search - Pokemon,free printable,Campaign Negative Phrase,Enabled
Search - Pokemon,free download,Campaign Negative Phrase,Enabled
Search - Pokemon,free pokemon cards,Campaign Negative Phrase,Enabled
Search - Pokemon,free cards,Campaign Negative Phrase,Enabled
Search - Pokemon,giveaway,Campaign Negative Phrase,Enabled
Search-sports,free printable,Campaign Negative Phrase,Enabled
Search-sports,free download,Campaign Negative Phrase,Enabled
Search-sports,free pokemon cards,Campaign Negative Phrase,Enabled
Search-sports,free cards,Campaign Negative Phrase,Enabled
Search-sports,giveaway,Campaign Negative Phrase,Enabled
Search-enterprise,jobs,Campaign Negative Phrase,Enabled
Search-enterprise,job,Campaign Negative Phrase,Enabled
Search-enterprise,salary,Campaign Negative Phrase,Enabled
Search-enterprise,salaries,Campaign Negative Phrase,Enabled
Search-enterprise,career,Campaign Negative Phrase,Enabled
Search-enterprise,careers,Campaign Negative Phrase,Enabled
Search-enterprise,hiring,Campaign Negative Phrase,Enabled
Search-enterprise,franchise,Campaign Negative Phrase,Enabled
Search-enterprise,app,Campaign Negative Phrase,Enabled
Search-enterprise,free,Campaign Negative Phrase,Enabled
Search-enterprise,my card,Campaign Negative Phrase,Enabled
Search-enterprise,how to grade,Campaign Negative Phrase,Enabled
Search-enterprise,psa,Campaign Negative Phrase,Enabled
Search-enterprise,bgs,Campaign Negative Phrase,Enabled
Search-enterprise,sgc,Campaign Negative Phrase,Enabled
Search-enterprise,cgc,Campaign Negative Phrase,Enabled
Search-enterprise,ebay,Campaign Negative Phrase,Enabled
Search-enterprise,reddit,Campaign Negative Phrase,Enabled
Search-enterprise,course,Campaign Negative Phrase,Enabled
Search-enterprise,certification,Campaign Negative Phrase,Enabled