Campaign,Ad Group,Keyword,Criterion Type,Status
Search - Pokemon,Pokemon - Service & Price,cheapest pokemon card grading,Phrase,Paused
Search - Pokemon,Pokemon - Estimate & Worth Grading,pokemon card grade estimate,Exact,Enabled
Search - Pokemon,Pokemon - Centering & Subgrades,pokemon card centering check,Phrase,Enabled
Search - Pokemon,Pokemon - Centering & Subgrades,pokemon card centering app,Exact,Enabled
Search - Pokemon,Pokemon - Estimate & Worth Grading,pokemon card pre grading,Exact,Enabled
Search - Pokemon,Pokemon - Service & Price,pokemon card grader,Exact,Enabled
Search - Pokemon,Pokemon - Estimate & Worth Grading,is my pokemon card worth grading,Exact,Enabled
Search - Pokemon,Pokemon - Centering & Subgrades,pokemon card centering check,Exact,Enabled
Search - Pokemon,Pokemon - Grading App,pokemon card grading app,Phrase,Enabled
Search - Pokemon,Pokemon - Estimate & Worth Grading,pokemon card grading estimate,Exact,Enabled
Search - Pokemon,Pokemon - Online & From Photo,instant pokemon card grading,Exact,Enabled
Search - Pokemon,Pokemon - Online & From Photo,pokemon card grading,Exact,Enabled
Search - Pokemon,Pokemon - Service & Price,ai pokemon card grader,Exact,Enabled
Search - Pokemon,Pokemon - Online & From Photo,online pokemon card grading,Exact,Enabled
Search - Pokemon,Pokemon - Centering & Subgrades,pokemon card condition app,Exact,Enabled
Search - Pokemon,Pokemon - Online & From Photo,grade pokemon card online,Exact,Enabled
Search - Pokemon,Pokemon - Grading App,scan and grade pokemon cards,Exact,Enabled
Search - Pokemon,Pokemon - Centering & Subgrades,pokemon card subgrade app,Exact,Enabled
Search - Pokemon,Pokemon - Online & From Photo,grade pokemon card from photo,Exact,Enabled
Search - Pokemon,Pokemon - Grading App,scan pokemon card for grade,Exact,Enabled
Search - Pokemon,Pokemon - Grading App,pokemon card grading scanner,Exact,Enabled
Search - Pokemon,Pokemon - Online & From Photo,fast pokemon card grading,Exact,Enabled
Search - Pokemon,Pokemon - Centering & Subgrades,pokemon card condition grader,Exact,Enabled
Search - Pokemon,Pokemon - Estimate & Worth Grading,check pokemon card before grading,Exact,Enabled
Search - Pokemon,Pokemon - Online & From Photo,pokemon card grading online,Exact,Enabled
Search - Pokemon,Pokemon - Service & Price,cheapest pokemon card grading,Exact,Enabled
Search - Pokemon,Pokemon - Centering & Subgrades,check pokemon card condition online,Phrase,Enabled
Search - Pokemon,Pokemon - Service & Price,ai pokemon card grading,Exact,Enabled
Search - Pokemon,Pokemon - Centering & Subgrades,pokemon card condition check,Phrase,Enabled
Search - Pokemon,Pokemon - Online & From Photo,online pokemon card grading,Phrase,Enabled
Search - Pokemon,Pokemon - Service & Price,pokemon card grading service,Exact,Enabled
Search - Pokemon,Pokemon - Service & Price,ai pokemon card grading,Phrase,Enabled
Search - Pokemon,Pokemon - Centering & Subgrades,pokemon card centering tool,Exact,Enabled
Search - Pokemon,Pokemon - Grading App,pokemon card grader app,Exact,Enabled
Search - Pokemon,Pokemon - Service & Price,grade raw pokemon cards,Exact,Enabled
Search - Pokemon,Pokemon - Online & From Photo,pokemon card grading,Phrase,Enabled
Search - Pokemon,Pokemon - Online & From Photo,fast pokemon card grading,Phrase,Enabled
Search - Pokemon,Pokemon - Service & Price,pokemon card grading service,Phrase,Paused
Search - Pokemon,Pokemon - Estimate & Worth Grading,estimate pokemon card grade,Exact,Enabled
Search - Pokemon,Pokemon - Grading App,app for grading pokemon cards,Exact,Enabled
Search - Pokemon,Pokemon - Online & From Photo,grade my pokemon cards,Phrase,Paused
Search - Pokemon,Pokemon - Online & From Photo,grade pokemon cards online,Exact,Enabled
Search - Pokemon,Pokemon - Grading App,app to grade pokemon cards,Phrase,Enabled
Search - Pokemon,Pokemon - Centering & Subgrades,pokemon card subgrades,Phrase,Enabled
Search - Pokemon,Pokemon - Estimate & Worth Grading,should i grade my pokemon card,Exact,Enabled
Search - Pokemon,Pokemon - Grading App,digital pokemon card grading,Exact,Enabled
Search - Pokemon,Pokemon - Online & From Photo,grade pokemon card from photo,Phrase,Enabled
Search - Pokemon,Pokemon - Service & Price,grade raw pokemon cards,Phrase,Paused
Search - Pokemon,Pokemon - Estimate & Worth Grading,pre grade pokemon cards,Exact,Enabled
Search - Pokemon,Pokemon - Online & From Photo,instant pokemon card grading,Phrase,Enabled
Search - Pokemon,Pokemon - Online & From Photo,how to grade pokemon cards fast,Phrase,Paused
Search - Pokemon,Pokemon - Online & From Photo,grade my pokemon cards,Exact,Enabled
Search - Pokemon,Pokemon - Grading App,pokemon card grading app,Exact,Enabled
Search - Pokemon,Pokemon - Centering & Subgrades,pokemon card condition check,Exact,Enabled
Search - Pokemon,Pokemon - Estimate & Worth Grading,pre grade my pokemon card,Exact,Enabled
Search - Pokemon,Pokemon - Centering & Subgrades,pokemon card subgrades,Exact,Enabled
Search - Pokemon,Pokemon - Grading App,pokemon card grade scanner,Exact,Enabled
Search - Pokemon,Pokemon - Grading App,app that grades pokemon cards,Exact,Enabled
Search - Pokemon,Pokemon - Grading App,digital pokemon card grading,Phrase,Enabled
Search - Pokemon,Pokemon - Grading App,ai pokemon card grading app,Exact,Enabled
Search - Pokemon,Pokemon - Service & Price,online pokemon card grader,Exact,Enabled
Search - Pokemon,Pokemon - Estimate & Worth Grading,check pokemon card grade,Exact,Enabled
Search - Pokemon,Pokemon - Centering & Subgrades,instant pokemon card condition,Phrase,Enabled
Search-sports,Sports - Online & From Photo,online sports card grading,Exact,Enabled
Search-sports,Sports - Estimate & Worth Grading,baseball card grade estimate,Exact,Enabled
Search-sports,Sports - Players,grade victor wembanyama card,Phrase,Enabled
Search-sports,Sports - Grading App,digital sports card grading,Phrase,Enabled
Search-sports,Sports - Service & Price,football card grading service,Phrase,Enabled
Search-sports,Sports - Online & From Photo,online sports card grading,Phrase,Paused
Search-sports,Sports - Centering & Subgrades,sports card centering grader,Exact,Enabled
Search-sports,Sports - Players,grade shohei ohtani card,Exact,Enabled
Search-sports,Sports - Service & Price,basketball card grading service,Phrase,Enabled
Search-sports,Sports - Brands,panini card grading,Phrase,Enabled
Search-sports,Sports - Estimate & Worth Grading,sports card grade estimate,Exact,Enabled
Search-sports,Sports - Grading App,app to grade sports cards,Phrase,Enabled
Search-sports,Sports - Players,best way to grade michael jordan card,Phrase,Enabled
Search-sports,Sports - Centering & Subgrades,check sports card centering,Exact,Enabled
Search-sports,Sports - Brands,topps card grading,Phrase,Enabled
Search-sports,Sports - Online & From Photo,grade sports cards without shipping,Phrase,Enabled
Search-sports,Sports - Centering & Subgrades,sports card condition grader,Exact,Enabled
Search-sports,Sports - Players,grade tom brady card,Exact,Enabled
Search-sports,Sports - Grading App,digital sports card grading,Exact,Enabled
Search-sports,Sports - Online & From Photo,instant sports card grading,Exact,Enabled
Search-sports,Sports - Online & From Photo,grade my card,Exact,Enabled
Search-sports,Sports - Service & Price,ai sports card grading,Exact,Enabled
Search-sports,Sports - Online & From Photo,grade my baseball card,Exact,Enabled
Search-sports,Sports - Online & From Photo,grade rookie cards online,Phrase,Enabled
Search-sports,Sports - Estimate & Worth Grading,how to grade sports cards fast,Phrase,Enabled
Search-sports,Sports - Estimate & Worth Grading,find my sports card grade,Exact,Enabled
Search-sports,Sports - Centering & Subgrades,sports card centering check,Phrase,Enabled
Search-sports,Sports - Service & Price,cheapest sports card grading,Exact,Paused
Search-sports,Sports - Players,michael jordan card grading,Exact,Enabled
Search-sports,Sports - Online & From Photo,sports card grading from photo,Exact,Enabled
Search-sports,Sports - Brands,topps card grading,Exact,Enabled
Search-sports,Sports - Service & Price,baseball card grading service,Exact,Enabled
Search-sports,Sports - Brands,bowman chrome card grading,Phrase,Enabled
Search-sports,Sports - Service & Price,cheapest sports card grading,Phrase,Paused
Search-sports,Sports - Service & Price,grade raw sports cards,Exact,Enabled
Search-sports,Sports - Estimate & Worth Grading,check sports card grade,Exact,Enabled
Search-sports,Sports - Online & From Photo,grade my football card,Exact,Enabled
Search-sports,Sports - Online & From Photo,fast sports card grading,Exact,Enabled
Search-sports,Sports - Players,grade lebron james card,Exact,Enabled
Search-sports,Sports - Service & Price,hockey card grading service,Exact,Enabled
Search-sports,Sports - Estimate & Worth Grading,pre grade sports cards,Exact,Enabled
Search-sports,Sports - Centering & Subgrades,sports card subgrades,Exact,Enabled
Search-sports,Sports - Centering & Subgrades,check sports card condition online,Phrase,Enabled
Search-sports,Sports - Service & Price,ai sports card grading,Phrase,Enabled
Search-sports,Sports - Service & Price,baseball card grading service,Phrase,Enabled
Search-sports,Sports - Centering & Subgrades,sports card centering check,Exact,Enabled
Search-sports,Sports - Online & From Photo,instant sports card grading,Phrase,Enabled
Search-sports,Sports - Grading App,sports card grading app,Exact,Enabled
Search-sports,Sports - Service & Price,football card grading service,Exact,Enabled
Search-sports,Sports - Players,grade tom brady card,Phrase,Enabled
Search-sports,Sports - Online & From Photo,fast sports card grading,Phrase,Enabled
Search-sports,Sports - Players,michael jordan card grading,Phrase,Enabled
Search-sports,Sports - Players,grade lebron james card,Phrase,Enabled
Search-sports,Sports - Centering & Subgrades,instant sports card condition,Phrase,Enabled
Search-sports,Sports - Online & From Photo,sports card grading,Exact,Enabled
Search-sports,Sports - Service & Price,basketball card grading service,Exact,Enabled
Search-sports,Sports - Grading App,card pre grading app,Exact,Enabled
Search-sports,Sports - Estimate & Worth Grading,check card before grading,Exact,Enabled
Search-sports,Sports - Estimate & Worth Grading,pre grade my card,Exact,Enabled
Search-sports,Sports - Players,grade michael jordan card,Phrase,Enabled
Search-sports,Sports - Online & From Photo,grade a card from photo,Exact,Enabled
Search-sports,Sports - Service & Price,grade raw sports cards,Phrase,Enabled
Search-sports,Sports - Players,grade michael jordan card,Exact,Enabled
Search-sports,Sports - Online & From Photo,grade my sports cards,Exact,Enabled
Search-sports,Sports - Online & From Photo,grade my sports cards,Phrase,Paused
Search-sports,Sports - Online & From Photo,grade sports card from photo,Exact,Enabled
Search-sports,Sports - Centering & Subgrades,sports card condition check,Phrase,Enabled
Search-sports,Sports - Service & Price,sports card grading service,Phrase,Paused
Search-sports,Sports - Service & Price,sports card grading service,Exact,Enabled
Search-sports,Sports - Brands,bowman chrome card grading,Exact,Enabled
Search-sports,Sports - Online & From Photo,grade my basketball card,Exact,Enabled
Search-sports,Sports - Brands,panini card grading,Exact,Enabled
Search-sports,Sports - Grading App,sports card grading app,Phrase,Enabled
Search-sports,Sports - Service & Price,hockey card grading service,Phrase,Enabled
Search-sports,Sports - Estimate & Worth Grading,how to grade a sports card,Exact,Enabled
Search-sports,Sports - Estimate & Worth Grading,estimate sports card grade,Exact,Enabled
Search-sports,Sports - Online & From Photo,sports card grading,Phrase,Paused
Search-sports,Sports - Estimate & Worth Grading,sports card pre grading,Exact,Enabled
Search-sports,Sports - Players,grade victor wembanyama card,Exact,Enabled
Search-sports,Sports - Estimate & Worth Grading,check my sports card grade,Exact,Enabled
Search-sports,Sports - Online & From Photo,grade sports card from photo,Phrase,Enabled
Search-sports,Sports - Centering & Subgrades,sports card condition check,Exact,Enabled
Search-sports,Sports - Centering & Subgrades,sports card subgrades,Phrase,Enabled
Search-sports,Sports - Estimate & Worth Grading,how to grade sports cards online,Exact,Enabled
Search-sports,Sports - Players,grade shohei ohtani card,Phrase,Enabled
Search-sports,Sports - Online & From Photo,grade my sports card,Exact,Enabled
Search-general audience,General - AI Card Grader,ai card grading,Phrase,Enabled
Search-general audience,General - Grading App,trading card grading app,Phrase,Enabled
Search-general audience,General - Centering & Subgrades,card subgrade analysis,Exact,Enabled
Search-general audience,General - Online & From Photo,trading cards grading,Exact,Enabled
Search-general audience,General - Estimate & Checker,pre grade cards online,Exact,Enabled
Search-general audience,General - Centering & Subgrades,check card condition online,Exact,Enabled
Search-general audience,General - Estimate & Checker,estimate trading card grade,Exact,Enabled
Search-general audience,General - Online & From Photo,card grading without shipping,Phrase,Enabled
Search-general audience,General - Online & From Photo,best online card grading,Phrase,Enabled
Search-general audience,General - Online & From Photo,grade trading card from photo,Phrase,Enabled
Search-general audience,General - TCG Grading,tcg grading app,Phrase,Enabled
Search-general audience,General - Grading App,app to grade trading cards,Phrase,Enabled
Search-general audience,General - Online & From Photo,best online card grading,Exact,Enabled
Search-general audience,General - TCG Grading,ai tcg grading,Phrase,Enabled
Search-general audience,General - Grading App,best card grading app,Exact,Enabled
Search-general audience,General - Centering & Subgrades,check card condition,Exact,Enabled
Search-general audience,General - Centering & Subgrades,trading card subgrades,Phrase,Enabled
Search-general audience,General - Online & From Photo,instant trading card grading,Exact,Enabled
Search-general audience,General - Grading App,card grading app,Phrase,Enabled
Search-general audience,General - TCG Grading,grade tcg cards online,Exact,Enabled
Search-general audience,General - Centering & Subgrades,card condition grading,Phrase,Enabled
Search-general audience,General - AI Card Grader,ai trading card grader,Exact,Enabled
Search-general audience,General - Collectible & Non-Sport,collectible card grading,Exact,Enabled
Search-general audience,General - Collectible & Non-Sport,grade collectible cards,Exact,Enabled
Search-general audience,General - Online & From Photo,grade trading cards,Exact,Enabled
Search-general audience,General - AI Card Grader,ai trading card grader,Phrase,Enabled
Search-general audience,General - Grading App,card grader app,Phrase,Enabled
Search-general audience,General - TCG Grading,online tcg grading,Exact,Enabled
Search-general audience,General - Online & From Photo,card grading from photo,Phrase,Enabled
Search-general audience,General - Collectible & Non-Sport,collectible card grade estimate,Exact,Enabled
Search-general audience,General - Online & From Photo,trading card grading without shipping,Exact,Enabled
Search-general audience,General - Centering & Subgrades,trading card condition checker,Exact,Enabled
Search-general audience,General - Online & From Photo,trading card grading service,Exact,Enabled
Search-general audience,General - Online & From Photo,grade cards online,Phrase,Enabled
Search-general audience,General - Estimate & Checker,trading card pre grading,Exact,Enabled
Search-general audience,General - Centering & Subgrades,card centering analysis,Phrase,Enabled
Search-general audience,General - Collectible & Non-Sport,online non sports card grading,Exact,Enabled
Search-general audience,General - Estimate & Checker,card grade estimate,Phrase,Enabled
Search-general audience,General - Online & From Photo,instant card grading,Phrase,Enabled
Search-general audience,General - Centering & Subgrades,trading card subgrades,Exact,Enabled
Search-general audience,General - Collectible & Non-Sport,grade collectible cards,Phrase,Enabled
Search-general audience,General - TCG Grading,tcg card grader,Phrase,Enabled
Search-general audience,General - Estimate & Checker,pre grade my card,Exact,Enabled
Search-general audience,General - TCG Grading,tcg grading service,Exact,Enabled
Search-general audience,General - Online & From Photo,online trading card grading,Phrase,Enabled
Search-general audience,General - Collectible & Non-Sport,non sports card grading,Phrase,Enabled
Search-general audience,General - Centering & Subgrades,trading card condition analysis,Exact,Enabled
Search-general audience,General - Collectible & Non-Sport,ai collectible card grading,Exact,Enabled
Search-general audience,General - Online & From Photo,trading card grading online,Phrase,Enabled
Search-general audience,General - Online & From Photo,instant trading card grading,Phrase,Enabled
Search-general audience,General - Estimate & Checker,trading card grade estimate,Exact,Enabled
Search-general audience,General - Centering & Subgrades,collectible card condition checker,Exact,Enabled
Search-general audience,General - Centering & Subgrades,card condition grading,Exact,Enabled
Search-general audience,General - TCG Grading,tcg card grading,Phrase,Enabled
Search-general audience,General - Centering & Subgrades,card subgrades online,Exact,Enabled
Search-general audience,General - Estimate & Checker,trading card pre grading,Phrase,Enabled
Search-general audience,General - TCG Grading,tcg grading,Exact,Enabled
Search-general audience,General - Collectible & Non-Sport,collectible card grading service,Phrase,Enabled
Search-general audience,General - Grading App,digital card grading,Phrase,Paused
Search-general audience,General - Grading App,app to grade cards,Exact,Enabled
Search-general audience,General - Estimate & Checker,card grade checker,Exact,Enabled
Search-general audience,General - Online & From Photo,card grading without shipping,Exact,Enabled
Search-general audience,General - Estimate & Checker,pre grade trading cards,Phrase,Enabled
Search-general audience,General - AI Card Grader,online card grader,Phrase,Enabled
Search-general audience,General - TCG Grading,ai tcg grading,Exact,Enabled
Search-general audience,General - Online & From Photo,trading card grading from photo,Phrase,Enabled
Search-general audience,General - Collectible & Non-Sport,non sport card grading,Phrase,Enabled
Search-general audience,General - Online & From Photo,grade my card,Phrase,Enabled
Search-general audience,General - Collectible & Non-Sport,online non sports card grading,Phrase,Enabled
Search-general audience,General - Online & From Photo,card grading,Phrase,Enabled
Search-general audience,General - Online & From Photo,grade cards online,Exact,Enabled
Search-general audience,General - Grading App,best card grading app,Phrase,Enabled
Search-general audience,General - Online & From Photo,grade my cards online,Exact,Enabled
Search-general audience,General - Online & From Photo,trading card grading,Phrase,Enabled
Search-general audience,General - Online & From Photo,grade cards from photos,Exact,Enabled
Search-general audience,General - TCG Grading,grade tcg cards,Phrase,Enabled
Search-general audience,General - AI Card Grader,ai card grader,Phrase,Enabled
Search-general audience,General - Online & From Photo,grade card from photo,Exact,Enabled
Search-general audience,General - TCG Grading,tcg grading service,Phrase,Enabled
Search-general audience,General - Online & From Photo,online card grading,Exact,Enabled
Search-general audience,General - Centering & Subgrades,trading card condition analysis,Phrase,Enabled
Search-general audience,General - Online & From Photo,grade cards from home,Phrase,Enabled
Search-general audience,General - TCG Grading,tcg card grading,Exact,Enabled
Search-general audience,General - Online & From Photo,trading card grading,Exact,Enabled
Search-general audience,General - Collectible & Non-Sport,online collectible card grading,Exact,Enabled
Search-general audience,General - Centering & Subgrades,trading card centering checker,Phrase,Enabled
Search-general audience,General - Grading App,app to grade cards,Phrase,Enabled
Search-general audience,General - Online & From Photo,online trading card grading,Exact,Enabled
Search-general audience,General - Grading App,trading card grader app,Phrase,Enabled
Search-general audience,General - Estimate & Checker,estimate card grade,Exact,Enabled
Search-general audience,General - Grading App,digital trading card grading,Phrase,Enabled
Search-general audience,General - Grading App,digital card grader,Exact,Enabled
Search-general audience,General - Grading App,scan trading card for grade,Exact,Enabled
Search-general audience,General - Centering & Subgrades,card condition app,Exact,Enabled
Search-general audience,General - Estimate & Checker,card grade checker,Phrase,Enabled
Search-general audience,General - Collectible & Non-Sport,ai collectible card grading,Phrase,Enabled
Search-general audience,General - Estimate & Checker,check trading card grade,Exact,Enabled
Search-general audience,General - Online & From Photo,grade my trading cards,Exact,Enabled
Search-general audience,General - Collectible & Non-Sport,collectible card grading service,Exact,Enabled
Search-general audience,General - AI Card Grader,online trading card grader,Exact,Enabled
Search-general audience,General - Centering & Subgrades,card condition app,Phrase,Enabled
Search-general audience,General - Estimate & Checker,trading card grade checker,Phrase,Enabled
Search-general audience,General - TCG Grading,online tcg grading,Phrase,Enabled
Search-general audience,General - Centering & Subgrades,card condition checker,Phrase,Enabled
Search-general audience,General - Centering & Subgrades,trading card condition checker,Phrase,Enabled
Search-general audience,General - Grading App,card grading scanner,Exact,Enabled
Search-general audience,General - Grading App,scan card for grade,Phrase,Enabled
Search-general audience,General - Centering & Subgrades,card condition checker,Exact,Enabled
Search-general audience,General - Estimate & Checker,check card grade online,Exact,Enabled
Search-general audience,General - Online & From Photo,grade trading card from photo,Exact,Enabled
Search-general audience,General - Centering & Subgrades,check trading card condition,Exact,Enabled
Search-general audience,General - Grading App,digital trading card grading,Exact,Enabled
Search-general audience,General - Online & From Photo,trading card grading online,Exact,Enabled
Search-general audience,General - Grading App,card grading scanner,Phrase,Paused
Search-general audience,General - Collectible & Non-Sport,collectible card grading app,Phrase,Enabled
Search-general audience,General - Estimate & Checker,check card grade online,Phrase,Enabled
Search-general audience,General - Online & From Photo,card grading,Exact,Paused
Search-general audience,General - Online & From Photo,grade trading cards online,Phrase,Enabled
Search-general audience,General - Estimate & Checker,trading card grade checker,Exact,Enabled
Search-general audience,General - Collectible & Non-Sport,entertainment card grading,Exact,Enabled
Search-general audience,General - Centering & Subgrades,check trading card condition,Phrase,Enabled
Search-general audience,General - Online & From Photo,grade trading cards,Phrase,Enabled
Search-general audience,General - AI Card Grader,ai card grading,Exact,Enabled
Search-general audience,General - Online & From Photo,online card grading,Phrase,Enabled
Search-general audience,General - Collectible & Non-Sport,grade collectible cards online,Exact,Enabled
Search-general audience,General - Estimate & Checker,check my card grade,Exact,Enabled
Search-general audience,General - TCG Grading,tcg grading,Phrase,Enabled
Search-general audience,General - Collectible & Non-Sport,collectible card grade checker,Exact,Enabled
Search-general audience,General - Grading App,card grading app,Exact,Enabled
Search-general audience,General - Online & From Photo,grade card from photo,Phrase,Enabled
Search-general audience,General - Centering & Subgrades,check card condition,Phrase,Enabled
Search-general audience,General - AI Card Grader,ai card grader,Exact,Enabled
Search-general audience,General - AI Card Grader,online card grader,Exact,Enabled
Search-general audience,General - Collectible & Non-Sport,non sports card grading,Exact,Enabled
Search-general audience,General - Centering & Subgrades,collectible card condition checker,Phrase,Enabled
Search-general audience,General - Collectible & Non-Sport,non sport card grading,Exact,Enabled
Search-general audience,General - Centering & Subgrades,card centering analysis,Exact,Enabled
Search-general audience,General - TCG Grading,grade tcg cards,Exact,Enabled
Search-general audience,General - Online & From Photo,trading card grading service,Phrase,Enabled
Search-general audience,General - Estimate & Checker,card pre grading,Exact,Enabled
Search-general audience,General - Collectible & Non-Sport,grade collectible cards online,Phrase,Enabled
Search-general audience,General - Online & From Photo,grade my card,Exact,Enabled
Search-general audience,General - Online & From Photo,grade trading cards online,Exact,Enabled
Search-general audience,General - TCG Grading,tcg grading app,Exact,Enabled
Search-general audience,General - Collectible & Non-Sport,collectible card grade checker,Phrase,Enabled
Search-general audience,General - Collectible & Non-Sport,online collectible card grading,Phrase,Enabled
Search-general audience,General - Grading App,trading card grader app,Exact,Enabled
Search-general audience,General - Grading App,trading card grading app,Exact,Enabled
Search-general audience,General - Grading App,digital card grading,Exact,Enabled
Search-general audience,General - Collectible & Non-Sport,collectible card grading app,Exact,Enabled
Search-general audience,General - Centering & Subgrades,trading card centering checker,Exact,Enabled
Search-general audience,General - Online & From Photo,trading card grading from photo,Exact,Enabled
Search-general audience,General - Online & From Photo,trading card grading without shipping,Phrase,Enabled
Search-general audience,General - Grading App,scan trading card for grade,Phrase,Enabled
Search-general audience,General - AI Card Grader,ai trading card grading,Phrase,Enabled
Search-general audience,General - Collectible & Non-Sport,collectible card grading,Phrase,Paused
Search-general audience,General - Online & From Photo,card grading from photo,Exact,Enabled
Search-general audience,General - Online & From Photo,instant card grading,Exact,Enabled
Search-general audience,General - Centering & Subgrades,card centering checker,Exact,Enabled
Search-general audience,General - Estimate & Checker,trading card grade estimate,Phrase,Enabled
Search-general audience,General - Online & From Photo,grade my trading cards,Phrase,Enabled
Search-general audience,General - AI Card Grader,online trading card grader,Phrase,Enabled
Search-general audience,General - AI Card Grader,ai trading card grading,Exact,Enabled
Search-general audience,General - Online & From Photo,grade cards from home,Exact,Enabled
Search-general audience,General - Estimate & Checker,pre grade my card,Phrase,Enabled
Search-general audience,General - Grading App,card grader app,Exact,Enabled
Search-general audience,General - Grading App,scan card for grade,Exact,Enabled
Search-general audience,General - TCG Grading,grade tcg cards online,Phrase,Enabled
Search-general audience,General - Estimate & Checker,card grade estimate,Exact,Enabled
Search-general audience,General - Centering & Subgrades,card subgrade analysis,Phrase,Enabled
Search-general audience,General - Collectible & Non-Sport,entertainment card grading,Phrase,Enabled
Search-general audience,General - Estimate & Checker,pre grade trading cards,Exact,Enabled
Search-general audience,General - Centering & Subgrades,card centering checker,Phrase,Enabled
Search-general audience,General - Estimate & Checker,estimate card grade,Phrase,Enabled
Search-general audience,General - Estimate & Checker,card pre grading,Phrase,Enabled
Search-general audience,General - Centering & Subgrades,card centering app,Exact,Enabled
Search-general audience,General - Grading App,app to grade trading cards,Exact,Enabled
Search-general audience,General - Grading App,card grade scanner,Exact,Enabled
Search-general audience,General - TCG Grading,tcg card grader,Exact,Enabled
Search-general audience,General - Estimate & Checker,check my card grade,Phrase,Enabled
Search-enterprise,Enterprise - Wholesale & In-Store,wholesale card grading,Exact,Enabled
Search-enterprise,Enterprise - Wholesale & In-Store,wholesale card grading,Phrase,Enabled
Search-enterprise,Enterprise - Wholesale & In-Store,in store card grading,Exact,Enabled
Search-enterprise,Enterprise - Wholesale & In-Store,in store card grading,Phrase,Enabled
Search-enterprise,Enterprise - Wholesale & In-Store,card grading for card shops,Exact,Enabled
Search-enterprise,Enterprise - Wholesale & In-Store,card grading for card shops,Phrase,Enabled
Search-enterprise,Enterprise - Wholesale & In-Store,card shop grading service,Exact,Enabled
Search-enterprise,Enterprise - Wholesale & In-Store,card shop grading service,Phrase,Enabled
Search-enterprise,Enterprise - Wholesale & In-Store,lcs card grading,Exact,Enabled
Search-enterprise,Enterprise - Wholesale & In-Store,lcs card grading,Phrase,Enabled
Search-enterprise,Enterprise - Wholesale & In-Store,card grading kiosk,Exact,Enabled
Search-enterprise,Enterprise - Wholesale & In-Store,card grading kiosk,Phrase,Enabled
Search-enterprise,Enterprise - Wholesale & In-Store,white label card grading,Exact,Enabled
Search-enterprise,Enterprise - Wholesale & In-Store,white label card grading,Phrase,Enabled
Search-enterprise,Enterprise - Wholesale & In-Store,private label card grading,Exact,Enabled
Search-enterprise,Enterprise - Wholesale & In-Store,private label card grading,Phrase,Enabled
Search-enterprise,Enterprise - Wholesale & In-Store,card grading platform for shops,Exact,Enabled
Search-enterprise,Enterprise - Wholesale & In-Store,card grading platform for shops,Phrase,Enabled
Search-enterprise,Enterprise - Wholesale & In-Store,b2b card grading service,Exact,Enabled
Search-enterprise,Enterprise - Wholesale & In-Store,b2b card grading service,Phrase,Enabled
Search-enterprise,Enterprise - Wholesale & In-Store,card grading wholesale pricing,Exact,Enabled
Search-enterprise,Enterprise - Wholesale & In-Store,card grading wholesale pricing,Phrase,Enabled
Search-enterprise,Enterprise - Wholesale & In-Store,bulk card grading service,Exact,Enabled
Search-enterprise,Enterprise - Wholesale & In-Store,bulk card grading service,Phrase,Enabled
Search-enterprise,Enterprise - Dealers & Card Shows,card show grading,Exact,Enabled
Search-enterprise,Enterprise - Dealers & Card Shows,card show grading,Phrase,Enabled
Search-enterprise,Enterprise - Dealers & Card Shows,grade cards at card shows,Exact,Enabled
Search-enterprise,Enterprise - Dealers & Card Shows,grade cards at card shows,Phrase,Enabled
Search-enterprise,Enterprise - Dealers & Card Shows,on site card grading,Exact,Enabled
Search-enterprise,Enterprise - Dealers & Card Shows,on site card grading,Phrase,Enabled
Search-enterprise,Enterprise - Dealers & Card Shows,card dealer grading service,Exact,Enabled
Search-enterprise,Enterprise - Dealers & Card Shows,card dealer grading service,Phrase,Enabled
Search-enterprise,Enterprise - Dealers & Card Shows,card grading for dealers,Exact,Enabled
Search-enterprise,Enterprise - Dealers & Card Shows,card grading for dealers,Phrase,Enabled
Search-enterprise,Enterprise - Dealers & Card Shows,card grading for resellers,Exact,Enabled
Search-enterprise,Enterprise - Dealers & Card Shows,card grading for resellers,Phrase,Enabled
Search-enterprise,Enterprise - Dealers & Card Shows,grading service for card resellers,Exact,Enabled
Search-enterprise,Enterprise - Dealers & Card Shows,grading service for card resellers,Phrase,Enabled
Search-enterprise,Enterprise - Dealers & Card Shows,card grading subscription for business,Exact,Enabled
Search-enterprise,Enterprise - Dealers & Card Shows,card grading subscription for business,Phrase,Enabled
Search-enterprise,Enterprise - Breakers & Streamers,card grading for breakers,Exact,Enabled
Search-enterprise,Enterprise - Breakers & Streamers,card grading for breakers,Phrase,Enabled
Search-enterprise,Enterprise - Breakers & Streamers,live break card grading,Exact,Enabled
Search-enterprise,Enterprise - Breakers & Streamers,live break card grading,Phrase,Enabled
Search-enterprise,Enterprise - Breakers & Streamers,slab cards on stream,Exact,Enabled
Search-enterprise,Enterprise - Breakers & Streamers,slab cards on stream,Phrase,Enabled
Search-enterprise,Enterprise - Breakers & Streamers,whatnot seller card grading,Exact,Enabled
Search-enterprise,Enterprise - Breakers & Streamers,whatnot seller card grading,Phrase,Enabled
Search-enterprise,Enterprise - Breakers & Streamers,card grading for whatnot sellers,Exact,Enabled
Search-enterprise,Enterprise - Breakers & Streamers,card grading for whatnot sellers,Phrase,Enabled
Search-enterprise,Enterprise - Breakers & Streamers,grading for card streamers,Exact,Enabled
Search-enterprise,Enterprise - Breakers & Streamers,grading for card streamers,Phrase,Enabled
Search-enterprise,Enterprise - Breakers & Streamers,card grading for ebay sellers,Exact,Enabled
Search-enterprise,Enterprise - Breakers & Streamers,card grading for ebay sellers,Phrase,Enabled
Search-enterprise,Enterprise - Breakers & Streamers,start a card grading business,Exact,Enabled
Search-enterprise,Enterprise - Breakers & Streamers,start a card grading business,Phrase,Enabled
Search-enterprise,Enterprise - Breakers & Streamers,how to start a card grading company,Exact,Enabled
Search-enterprise,Enterprise - Breakers & Streamers,how to start a card grading company,Phrase,Enabled
Search-enterprise,Enterprise - Breakers & Streamers,launch card grading brand,Exact,Enabled
Search-enterprise,Enterprise - Breakers & Streamers,launch card grading brand,Phrase,Enabled