Campaign,Location
Show - Pokemon Worlds San Francisco Aug 2026,"San Francisco, California, United States"
Show - Pokemon Worlds San Francisco Aug 2026,"California, United States"
Show - Collect-A-Con Richmond Aug 2026,"Richmond, Virginia, United States"
Show - Collect-A-Con Richmond Aug 2026,"Virginia, United States"
Show - Collect-A-Con Charlotte Aug 2026,"Charlotte, North Carolina, United States"
Show - Collect-A-Con Charlotte Aug 2026,"North Carolina, United States"
Show - Culture Collision Atlanta Sep 2026,"Duluth, Georgia, United States"
Show - Culture Collision Atlanta Sep 2026,"Atlanta, Georgia, United States"
Show - Culture Collision Atlanta Sep 2026,"Georgia, United States"
Show - Collect-A-Con SF San Francisco Sep 2026,"San Francisco, California, United States"
Show - Collect-A-Con SF San Francisco Sep 2026,"California, United States"
Show - Northeast Card Expo Stamford Sep 2026,"Stamford, Connecticut, United States"
Show - Northeast Card Expo Stamford Sep 2026,"Connecticut, United States"
Show - Pokemon Regionals Baltimore Sep 2026,"Baltimore, Maryland, United States"
Show - Pokemon Regionals Baltimore Sep 2026,"Maryland, United States"
Show - Raleigh Card Show Sep 2026,"Raleigh, North Carolina, United States"
Show - Raleigh Card Show Sep 2026,"North Carolina, United States"
Show - Poke Fest Nashville Sep 2026,"Nashville, Tennessee, United States"
Show - Poke Fest Nashville Sep 2026,"Tennessee, United States"
Show - Philly Show Philadelphia Sep 2026,"Oaks, Pennsylvania, United States"
Show - Philly Show Philadelphia Sep 2026,"Philadelphia, Pennsylvania, United States"
Show - Philly Show Philadelphia Sep 2026,"Pennsylvania, United States"
Show - Collect-A-Con ATL Atlanta Sep 2026,"Atlanta, Georgia, United States"
Show - Collect-A-Con ATL Atlanta Sep 2026,"Georgia, United States"
Show - Midwest Monster Indianapolis Oct 2026,"Fishers, Indiana, United States"
Show - Midwest Monster Indianapolis Oct 2026,"Indianapolis, Indiana, United States"
Show - Midwest Monster Indianapolis Oct 2026,"Indiana, United States"
Show - Trading Card Con Nashville Oct 2026,"Nashville, Tennessee, United States"
Show - Trading Card Con Nashville Oct 2026,"Tennessee, United States"
Show - Pokemon Regionals Louisville Oct 2026,"Louisville, Kentucky, United States"
Show - Pokemon Regionals Louisville Oct 2026,"Kentucky, United States"
Show - Collect-A-Con Chicago Oct 2026,"Rosemont, Illinois, United States"
Show - Collect-A-Con Chicago Oct 2026,"Chicago, Illinois, United States"
Show - Collect-A-Con Chicago Oct 2026,"Illinois, United States"
Show - Dallas Card Show Oct 2026,"Allen, Texas, United States"
Show - Dallas Card Show Oct 2026,"Dallas, Texas, United States"
Show - Dallas Card Show Oct 2026,"Texas, United States"
Show - Chantilly Show Oct 2026,"Chantilly, Virginia, United States"
Show - Chantilly Show Oct 2026,"Washington, District of Columbia, Virginia, United States"
Show - Chantilly Show Oct 2026,"Virginia, United States"
Show - Northeast Card Expo Portland Oct 2026,"Portland, Maine, United States"
Show - Northeast Card Expo Portland Oct 2026,"Maine, United States"
Show - Fall Classic Long Island Oct 2026,"Hempstead, New York, United States"
Show - Fall Classic Long Island Oct 2026,"Long Island, New York, United States"
Show - Fall Classic Long Island Oct 2026,"New York, United States"
Show - Philly Non-Sports Philadelphia Oct 2026,"Oaks, Pennsylvania, United States"
Show - Philly Non-Sports Philadelphia Oct 2026,"Philadelphia, Pennsylvania, United States"
Show - Philly Non-Sports Philadelphia Oct 2026,"Pennsylvania, United States"
Show - NASH-IONAL Nashville Oct 2026,"Nashville, Tennessee, United States"
Show - NASH-IONAL Nashville Oct 2026,"Tennessee, United States"
Show - Collect-A-Con Houston Nov 2026,"Houston, Texas, United States"
Show - Collect-A-Con Houston Nov 2026,"Texas, United States"
Show - MagicCon Atlanta Nov 2026,"Atlanta, Georgia, United States"
Show - MagicCon Atlanta Nov 2026,"Georgia, United States"
Show - Sports Spectacular Chicago Nov 2026,"Rosemont, Illinois, United States"
Show - Sports Spectacular Chicago Nov 2026,"Chicago, Illinois, United States"
Show - Sports Spectacular Chicago Nov 2026,"Illinois, United States"
Show - Collect-A-Con NJ New Jersey Nov 2026,"Edison, New Jersey, United States"
Show - Collect-A-Con NJ New Jersey Nov 2026,"New Jersey, New Jersey, United States"
Show - Collect-A-Con NJ New Jersey Nov 2026,"New Jersey, United States"
Show - Northeast Card Expo Boston Nov 2026,"Quincy, Massachusetts, United States"
Show - Northeast Card Expo Boston Nov 2026,"Boston, Massachusetts, United States"
Show - Northeast Card Expo Boston Nov 2026,"Massachusetts, United States"
Show - Pokemon Regionals Las Vegas Dec 2026,"Las Vegas, Nevada, United States"
Show - Pokemon Regionals Las Vegas Dec 2026,"Nevada, United States"
Show - Collect-A-Con LA Los Angeles Dec 2026,"Los Angeles, California, United States"
Show - Collect-A-Con LA Los Angeles Dec 2026,"California, United States"
Show - Philly Show Philadelphia Dec 2026,"Oaks, Pennsylvania, United States"
Show - Philly Show Philadelphia Dec 2026,"Philadelphia, Pennsylvania, United States"
Show - Philly Show Philadelphia Dec 2026,"Pennsylvania, United States"
Show - Orlando Card Show Dec 2026,"Apopka, Florida, United States"
Show - Orlando Card Show Dec 2026,"Orlando, Florida, United States"
Show - Orlando Card Show Dec 2026,"Florida, United States"