Campaign,EU political ads
Show - Chantilly Show Oct 2026,Doesn't have EU political ads
Show - Collect-A-Con ATL Atlanta Sep 2026,Doesn't have EU political ads
Show - Collect-A-Con Charlotte Aug 2026,Doesn't have EU political ads
Show - Collect-A-Con Chicago Oct 2026,Doesn't have EU political ads
Show - Collect-A-Con Houston Nov 2026,Doesn't have EU political ads
Show - Collect-A-Con LA Los Angeles Dec 2026,Doesn't have EU political ads
Show - Collect-A-Con NJ New Jersey Nov 2026,Doesn't have EU political ads
Show - Collect-A-Con Richmond Aug 2026,Doesn't have EU political ads
Show - Collect-A-Con SF San Francisco Sep 2026,Doesn't have EU political ads
Show - Culture Collision Atlanta Sep 2026,Doesn't have EU political ads
Show - Dallas Card Show Oct 2026,Doesn't have EU political ads
Show - Fall Classic Long Island Oct 2026,Doesn't have EU political ads
Show - MagicCon Atlanta Nov 2026,Doesn't have EU political ads
Show - Midwest Monster Indianapolis Oct 2026,Doesn't have EU political ads
Show - NASH-IONAL Nashville Oct 2026,Doesn't have EU political ads
Show - Northeast Card Expo Boston Nov 2026,Doesn't have EU political ads
Show - Northeast Card Expo Portland Oct 2026,Doesn't have EU political ads
Show - Northeast Card Expo Stamford Sep 2026,Doesn't have EU political ads
Show - Orlando Card Show Dec 2026,Doesn't have EU political ads
Show - Philly Non-Sports Philadelphia Oct 2026,Doesn't have EU political ads
Show - Philly Show Philadelphia Dec 2026,Doesn't have EU political ads
Show - Philly Show Philadelphia Sep 2026,Doesn't have EU political ads
Show - Poke Fest Nashville Sep 2026,Doesn't have EU political ads
Show - Pokemon Regionals Baltimore Sep 2026,Doesn't have EU political ads
Show - Pokemon Regionals Las Vegas Dec 2026,Doesn't have EU political ads
Show - Pokemon Regionals Louisville Oct 2026,Doesn't have EU political ads
Show - Pokemon Worlds San Francisco Aug 2026,Doesn't have EU political ads
Show - Raleigh Card Show Sep 2026,Doesn't have EU political ads
Show - Sports Spectacular Chicago Nov 2026,Doesn't have EU political ads
Show - Trading Card Con Nashville Oct 2026,Doesn't have EU political ads
Search-enterprise,Doesn't have EU political ads
