Campaign,Link Text,Description Line 1,Description Line 2,Final URL
Show - Pokemon Worlds San Francisco Aug 2026,Show Dates & Venue,Aug 27-30 in San Francisco,"Hours, venue and highlights",https://www.dcmgrading.com/card-shows/pokemon-worlds-2026
Show - Pokemon Worlds San Francisco Aug 2026,Card Show Offer,10% off first credits,Code CARDSHOW at checkout,https://www.dcmgrading.com/card-shows/pokemon-worlds-2026#offer
Show - Pokemon Worlds San Francisco Aug 2026,Grade Your First Card,Two free grades to start,Results in about a minute,https://www.dcmgrading.com/grade-your-first-card
Show - Pokemon Worlds San Francisco Aug 2026,All Card Shows,Upcoming shows near you,"Sports, Pokémon, TCG",https://www.dcmgrading.com/card-shows
Show - Collect-A-Con Richmond Aug 2026,Show Dates & Venue,Aug 29-30 in Richmond,"Hours, venue and highlights",https://www.dcmgrading.com/card-shows/collect-a-con-richmond-2026
Show - Collect-A-Con Richmond Aug 2026,Card Show Offer,10% off first credits,Code CARDSHOW at checkout,https://www.dcmgrading.com/card-shows/collect-a-con-richmond-2026#offer
Show - Collect-A-Con Richmond Aug 2026,Grade Your First Card,Two free grades to start,Results in about a minute,https://www.dcmgrading.com/grade-your-first-card
Show - Collect-A-Con Richmond Aug 2026,All Card Shows,Upcoming shows near you,"Sports, Pokémon, TCG",https://www.dcmgrading.com/card-shows
Show - Collect-A-Con Charlotte Aug 2026,Show Dates & Venue,Aug 29-30 in Charlotte,"Hours, venue and highlights",https://www.dcmgrading.com/card-shows/collect-a-con-charlotte-2026
Show - Collect-A-Con Charlotte Aug 2026,Card Show Offer,10% off first credits,Code CARDSHOW at checkout,https://www.dcmgrading.com/card-shows/collect-a-con-charlotte-2026#offer
Show - Collect-A-Con Charlotte Aug 2026,Grade Your First Card,Two free grades to start,Results in about a minute,https://www.dcmgrading.com/grade-your-first-card
Show - Collect-A-Con Charlotte Aug 2026,All Card Shows,Upcoming shows near you,"Sports, Pokémon, TCG",https://www.dcmgrading.com/card-shows
Show - Culture Collision Atlanta Sep 2026,Show Dates & Venue,Sep 4-6 in Duluth,"Hours, venue and highlights",https://www.dcmgrading.com/card-shows/culture-collision-atlanta-fall-2026
Show - Culture Collision Atlanta Sep 2026,Card Show Offer,10% off first credits,Code CARDSHOW at checkout,https://www.dcmgrading.com/card-shows/culture-collision-atlanta-fall-2026#offer
Show - Culture Collision Atlanta Sep 2026,Grade Your First Card,Two free grades to start,Results in about a minute,https://www.dcmgrading.com/grade-your-first-card
Show - Culture Collision Atlanta Sep 2026,All Card Shows,Upcoming shows near you,"Sports, Pokémon, TCG",https://www.dcmgrading.com/card-shows
Show - Collect-A-Con SF San Francisco Sep 2026,Show Dates & Venue,Sep 12-13 in San Francisco,"Hours, venue and highlights",https://www.dcmgrading.com/card-shows/collect-a-con-san-francisco-2026
Show - Collect-A-Con SF San Francisco Sep 2026,Card Show Offer,10% off first credits,Code CARDSHOW at checkout,https://www.dcmgrading.com/card-shows/collect-a-con-san-francisco-2026#offer
Show - Collect-A-Con SF San Francisco Sep 2026,Grade Your First Card,Two free grades to start,Results in about a minute,https://www.dcmgrading.com/grade-your-first-card
Show - Collect-A-Con SF San Francisco Sep 2026,All Card Shows,Upcoming shows near you,"Sports, Pokémon, TCG",https://www.dcmgrading.com/card-shows
Show - Northeast Card Expo Stamford Sep 2026,Show Dates & Venue,Sep 12-13 in Stamford,"Hours, venue and highlights",https://www.dcmgrading.com/card-shows/northeast-card-expo-stamford-2026
Show - Northeast Card Expo Stamford Sep 2026,Card Show Offer,10% off first credits,Code CARDSHOW at checkout,https://www.dcmgrading.com/card-shows/northeast-card-expo-stamford-2026#offer
Show - Northeast Card Expo Stamford Sep 2026,Grade Your First Card,Two free grades to start,Results in about a minute,https://www.dcmgrading.com/grade-your-first-card
Show - Northeast Card Expo Stamford Sep 2026,All Card Shows,Upcoming shows near you,"Sports, Pokémon, TCG",https://www.dcmgrading.com/card-shows
Show - Pokemon Regionals Baltimore Sep 2026,Show Dates & Venue,Sep 18-20 in Baltimore,"Hours, venue and highlights",https://www.dcmgrading.com/card-shows/pokemon-regional-baltimore-2026
Show - Pokemon Regionals Baltimore Sep 2026,Card Show Offer,10% off first credits,Code CARDSHOW at checkout,https://www.dcmgrading.com/card-shows/pokemon-regional-baltimore-2026#offer
Show - Pokemon Regionals Baltimore Sep 2026,Grade Your First Card,Two free grades to start,Results in about a minute,https://www.dcmgrading.com/grade-your-first-card
Show - Pokemon Regionals Baltimore Sep 2026,All Card Shows,Upcoming shows near you,"Sports, Pokémon, TCG",https://www.dcmgrading.com/card-shows
Show - Raleigh Card Show Sep 2026,Show Dates & Venue,Sep 19-20 in Raleigh,"Hours, venue and highlights",https://www.dcmgrading.com/card-shows/raleigh-fall-card-show-2026
Show - Raleigh Card Show Sep 2026,Card Show Offer,10% off first credits,Code CARDSHOW at checkout,https://www.dcmgrading.com/card-shows/raleigh-fall-card-show-2026#offer
Show - Raleigh Card Show Sep 2026,Grade Your First Card,Two free grades to start,Results in about a minute,https://www.dcmgrading.com/grade-your-first-card
Show - Raleigh Card Show Sep 2026,All Card Shows,Upcoming shows near you,"Sports, Pokémon, TCG",https://www.dcmgrading.com/card-shows
Show - Poke Fest Nashville Sep 2026,Show Dates & Venue,Sep 25-27 in Nashville,"Hours, venue and highlights",https://www.dcmgrading.com/card-shows/nashville-poke-fest-2026
Show - Poke Fest Nashville Sep 2026,Card Show Offer,10% off first credits,Code CARDSHOW at checkout,https://www.dcmgrading.com/card-shows/nashville-poke-fest-2026#offer
Show - Poke Fest Nashville Sep 2026,Grade Your First Card,Two free grades to start,Results in about a minute,https://www.dcmgrading.com/grade-your-first-card
Show - Poke Fest Nashville Sep 2026,All Card Shows,Upcoming shows near you,"Sports, Pokémon, TCG",https://www.dcmgrading.com/card-shows
Show - Philly Show Philadelphia Sep 2026,Show Dates & Venue,Sep 25-27 in Oaks,"Hours, venue and highlights",https://www.dcmgrading.com/card-shows/philly-show-fall-2026
Show - Philly Show Philadelphia Sep 2026,Card Show Offer,10% off first credits,Code CARDSHOW at checkout,https://www.dcmgrading.com/card-shows/philly-show-fall-2026#offer
Show - Philly Show Philadelphia Sep 2026,Grade Your First Card,Two free grades to start,Results in about a minute,https://www.dcmgrading.com/grade-your-first-card
Show - Philly Show Philadelphia Sep 2026,All Card Shows,Upcoming shows near you,"Sports, Pokémon, TCG",https://www.dcmgrading.com/card-shows
Show - Collect-A-Con ATL Atlanta Sep 2026,Show Dates & Venue,Sep 26-27 in Atlanta,"Hours, venue and highlights",https://www.dcmgrading.com/card-shows/collect-a-con-atlanta-fall-2026
Show - Collect-A-Con ATL Atlanta Sep 2026,Card Show Offer,10% off first credits,Code CARDSHOW at checkout,https://www.dcmgrading.com/card-shows/collect-a-con-atlanta-fall-2026#offer
Show - Collect-A-Con ATL Atlanta Sep 2026,Grade Your First Card,Two free grades to start,Results in about a minute,https://www.dcmgrading.com/grade-your-first-card
Show - Collect-A-Con ATL Atlanta Sep 2026,All Card Shows,Upcoming shows near you,"Sports, Pokémon, TCG",https://www.dcmgrading.com/card-shows
Show - Midwest Monster Indianapolis Oct 2026,Show Dates & Venue,Oct 2-3 in Fishers,"Hours, venue and highlights",https://www.dcmgrading.com/card-shows/midwest-monster-fall-2026
Show - Midwest Monster Indianapolis Oct 2026,Card Show Offer,10% off first credits,Code CARDSHOW at checkout,https://www.dcmgrading.com/card-shows/midwest-monster-fall-2026#offer
Show - Midwest Monster Indianapolis Oct 2026,Grade Your First Card,Two free grades to start,Results in about a minute,https://www.dcmgrading.com/grade-your-first-card
Show - Midwest Monster Indianapolis Oct 2026,All Card Shows,Upcoming shows near you,"Sports, Pokémon, TCG",https://www.dcmgrading.com/card-shows
Show - Trading Card Con Nashville Oct 2026,Show Dates & Venue,Oct 9-11 in Nashville,"Hours, venue and highlights",https://www.dcmgrading.com/card-shows/trading-card-con-nashville-2026
Show - Trading Card Con Nashville Oct 2026,Card Show Offer,10% off first credits,Code CARDSHOW at checkout,https://www.dcmgrading.com/card-shows/trading-card-con-nashville-2026#offer
Show - Trading Card Con Nashville Oct 2026,Grade Your First Card,Two free grades to start,Results in about a minute,https://www.dcmgrading.com/grade-your-first-card
Show - Trading Card Con Nashville Oct 2026,All Card Shows,Upcoming shows near you,"Sports, Pokémon, TCG",https://www.dcmgrading.com/card-shows
Show - Pokemon Regionals Louisville Oct 2026,Show Dates & Venue,Oct 9-11 in Louisville,"Hours, venue and highlights",https://www.dcmgrading.com/card-shows/pokemon-regional-louisville-2026
Show - Pokemon Regionals Louisville Oct 2026,Card Show Offer,10% off first credits,Code CARDSHOW at checkout,https://www.dcmgrading.com/card-shows/pokemon-regional-louisville-2026#offer
Show - Pokemon Regionals Louisville Oct 2026,Grade Your First Card,Two free grades to start,Results in about a minute,https://www.dcmgrading.com/grade-your-first-card
Show - Pokemon Regionals Louisville Oct 2026,All Card Shows,Upcoming shows near you,"Sports, Pokémon, TCG",https://www.dcmgrading.com/card-shows
Show - Collect-A-Con Chicago Oct 2026,Show Dates & Venue,Oct 10-11 in Rosemont,"Hours, venue and highlights",https://www.dcmgrading.com/card-shows/collect-a-con-chicago-fall-2026
Show - Collect-A-Con Chicago Oct 2026,Card Show Offer,10% off first credits,Code CARDSHOW at checkout,https://www.dcmgrading.com/card-shows/collect-a-con-chicago-fall-2026#offer
Show - Collect-A-Con Chicago Oct 2026,Grade Your First Card,Two free grades to start,Results in about a minute,https://www.dcmgrading.com/grade-your-first-card
Show - Collect-A-Con Chicago Oct 2026,All Card Shows,Upcoming shows near you,"Sports, Pokémon, TCG",https://www.dcmgrading.com/card-shows
Show - Dallas Card Show Oct 2026,Show Dates & Venue,Oct 10-13 in Allen,"Hours, venue and highlights",https://www.dcmgrading.com/card-shows/dallas-card-show-fall-2026
Show - Dallas Card Show Oct 2026,Card Show Offer,10% off first credits,Code CARDSHOW at checkout,https://www.dcmgrading.com/card-shows/dallas-card-show-fall-2026#offer
Show - Dallas Card Show Oct 2026,Grade Your First Card,Two free grades to start,Results in about a minute,https://www.dcmgrading.com/grade-your-first-card
Show - Dallas Card Show Oct 2026,All Card Shows,Upcoming shows near you,"Sports, Pokémon, TCG",https://www.dcmgrading.com/card-shows
Show - Chantilly Show Oct 2026,Show Dates & Venue,Oct 16-18 in Chantilly,"Hours, venue and highlights",https://www.dcmgrading.com/card-shows/csa-chantilly-fall-2026
Show - Chantilly Show Oct 2026,Card Show Offer,10% off first credits,Code CARDSHOW at checkout,https://www.dcmgrading.com/card-shows/csa-chantilly-fall-2026#offer
Show - Chantilly Show Oct 2026,Grade Your First Card,Two free grades to start,Results in about a minute,https://www.dcmgrading.com/grade-your-first-card
Show - Chantilly Show Oct 2026,All Card Shows,Upcoming shows near you,"Sports, Pokémon, TCG",https://www.dcmgrading.com/card-shows
Show - Northeast Card Expo Portland Oct 2026,Show Dates & Venue,Oct 17-18 in Portland,"Hours, venue and highlights",https://www.dcmgrading.com/card-shows/northeast-card-expo-portland-2026
Show - Northeast Card Expo Portland Oct 2026,Card Show Offer,10% off first credits,Code CARDSHOW at checkout,https://www.dcmgrading.com/card-shows/northeast-card-expo-portland-2026#offer
Show - Northeast Card Expo Portland Oct 2026,Grade Your First Card,Two free grades to start,Results in about a minute,https://www.dcmgrading.com/grade-your-first-card
Show - Northeast Card Expo Portland Oct 2026,All Card Shows,Upcoming shows near you,"Sports, Pokémon, TCG",https://www.dcmgrading.com/card-shows
Show - Fall Classic Long Island Oct 2026,Show Dates & Venue,Oct 23-25 in Hempstead,"Hours, venue and highlights",https://www.dcmgrading.com/card-shows/hofstra-fall-classic-2026
Show - Fall Classic Long Island Oct 2026,Card Show Offer,10% off first credits,Code CARDSHOW at checkout,https://www.dcmgrading.com/card-shows/hofstra-fall-classic-2026#offer
Show - Fall Classic Long Island Oct 2026,Grade Your First Card,Two free grades to start,Results in about a minute,https://www.dcmgrading.com/grade-your-first-card
Show - Fall Classic Long Island Oct 2026,All Card Shows,Upcoming shows near you,"Sports, Pokémon, TCG",https://www.dcmgrading.com/card-shows
Show - Philly Non-Sports Philadelphia Oct 2026,Show Dates & Venue,Oct 24-25 in Oaks,"Hours, venue and highlights",https://www.dcmgrading.com/card-shows/philly-non-sports-show-2026
Show - Philly Non-Sports Philadelphia Oct 2026,Card Show Offer,10% off first credits,Code CARDSHOW at checkout,https://www.dcmgrading.com/card-shows/philly-non-sports-show-2026#offer
Show - Philly Non-Sports Philadelphia Oct 2026,Grade Your First Card,Two free grades to start,Results in about a minute,https://www.dcmgrading.com/grade-your-first-card
Show - Philly Non-Sports Philadelphia Oct 2026,All Card Shows,Upcoming shows near you,"Sports, Pokémon, TCG",https://www.dcmgrading.com/card-shows
Show - NASH-IONAL Nashville Oct 2026,Show Dates & Venue,Oct 30 - Nov 1 in Nashville,"Hours, venue and highlights",https://www.dcmgrading.com/card-shows/nash-ional-nashville-2026
Show - NASH-IONAL Nashville Oct 2026,Card Show Offer,10% off first credits,Code CARDSHOW at checkout,https://www.dcmgrading.com/card-shows/nash-ional-nashville-2026#offer
Show - NASH-IONAL Nashville Oct 2026,Grade Your First Card,Two free grades to start,Results in about a minute,https://www.dcmgrading.com/grade-your-first-card
Show - NASH-IONAL Nashville Oct 2026,All Card Shows,Upcoming shows near you,"Sports, Pokémon, TCG",https://www.dcmgrading.com/card-shows
Show - Collect-A-Con Houston Nov 2026,Show Dates & Venue,Nov 7-8 in Houston,"Hours, venue and highlights",https://www.dcmgrading.com/card-shows/collect-a-con-houston-fall-2026
Show - Collect-A-Con Houston Nov 2026,Card Show Offer,10% off first credits,Code CARDSHOW at checkout,https://www.dcmgrading.com/card-shows/collect-a-con-houston-fall-2026#offer
Show - Collect-A-Con Houston Nov 2026,Grade Your First Card,Two free grades to start,Results in about a minute,https://www.dcmgrading.com/grade-your-first-card
Show - Collect-A-Con Houston Nov 2026,All Card Shows,Upcoming shows near you,"Sports, Pokémon, TCG",https://www.dcmgrading.com/card-shows
Show - MagicCon Atlanta Nov 2026,Show Dates & Venue,Nov 13-15 in Atlanta,"Hours, venue and highlights",https://www.dcmgrading.com/card-shows/magiccon-atlanta-2026
Show - MagicCon Atlanta Nov 2026,Card Show Offer,10% off first credits,Code CARDSHOW at checkout,https://www.dcmgrading.com/card-shows/magiccon-atlanta-2026#offer
Show - MagicCon Atlanta Nov 2026,Grade Your First Card,Two free grades to start,Results in about a minute,https://www.dcmgrading.com/grade-your-first-card
Show - MagicCon Atlanta Nov 2026,All Card Shows,Upcoming shows near you,"Sports, Pokémon, TCG",https://www.dcmgrading.com/card-shows
Show - Sports Spectacular Chicago Nov 2026,Show Dates & Venue,Nov 20-22 in Rosemont,"Hours, venue and highlights",https://www.dcmgrading.com/card-shows/chicago-sports-spectacular-fall-2026
Show - Sports Spectacular Chicago Nov 2026,Card Show Offer,10% off first credits,Code CARDSHOW at checkout,https://www.dcmgrading.com/card-shows/chicago-sports-spectacular-fall-2026#offer
Show - Sports Spectacular Chicago Nov 2026,Grade Your First Card,Two free grades to start,Results in about a minute,https://www.dcmgrading.com/grade-your-first-card
Show - Sports Spectacular Chicago Nov 2026,All Card Shows,Upcoming shows near you,"Sports, Pokémon, TCG",https://www.dcmgrading.com/card-shows
Show - Collect-A-Con NJ New Jersey Nov 2026,Show Dates & Venue,Nov 21-22 in Edison,"Hours, venue and highlights",https://www.dcmgrading.com/card-shows/collect-a-con-new-jersey-fall-2026
Show - Collect-A-Con NJ New Jersey Nov 2026,Card Show Offer,10% off first credits,Code CARDSHOW at checkout,https://www.dcmgrading.com/card-shows/collect-a-con-new-jersey-fall-2026#offer
Show - Collect-A-Con NJ New Jersey Nov 2026,Grade Your First Card,Two free grades to start,Results in about a minute,https://www.dcmgrading.com/grade-your-first-card
Show - Collect-A-Con NJ New Jersey Nov 2026,All Card Shows,Upcoming shows near you,"Sports, Pokémon, TCG",https://www.dcmgrading.com/card-shows
Show - Northeast Card Expo Boston Nov 2026,Show Dates & Venue,Nov 21-22 in Quincy,"Hours, venue and highlights",https://www.dcmgrading.com/card-shows/northeast-card-expo-quincy-2026
Show - Northeast Card Expo Boston Nov 2026,Card Show Offer,10% off first credits,Code CARDSHOW at checkout,https://www.dcmgrading.com/card-shows/northeast-card-expo-quincy-2026#offer
Show - Northeast Card Expo Boston Nov 2026,Grade Your First Card,Two free grades to start,Results in about a minute,https://www.dcmgrading.com/grade-your-first-card
Show - Northeast Card Expo Boston Nov 2026,All Card Shows,Upcoming shows near you,"Sports, Pokémon, TCG",https://www.dcmgrading.com/card-shows
Show - Pokemon Regionals Las Vegas Dec 2026,Show Dates & Venue,Dec 4-6 in Las Vegas,"Hours, venue and highlights",https://www.dcmgrading.com/card-shows/pokemon-regional-las-vegas-2026
Show - Pokemon Regionals Las Vegas Dec 2026,Card Show Offer,10% off first credits,Code CARDSHOW at checkout,https://www.dcmgrading.com/card-shows/pokemon-regional-las-vegas-2026#offer
Show - Pokemon Regionals Las Vegas Dec 2026,Grade Your First Card,Two free grades to start,Results in about a minute,https://www.dcmgrading.com/grade-your-first-card
Show - Pokemon Regionals Las Vegas Dec 2026,All Card Shows,Upcoming shows near you,"Sports, Pokémon, TCG",https://www.dcmgrading.com/card-shows
Show - Collect-A-Con LA Los Angeles Dec 2026,Show Dates & Venue,Dec 5-6 in Los Angeles,"Hours, venue and highlights",https://www.dcmgrading.com/card-shows/collect-a-con-los-angeles-winter-2026
Show - Collect-A-Con LA Los Angeles Dec 2026,Card Show Offer,10% off first credits,Code CARDSHOW at checkout,https://www.dcmgrading.com/card-shows/collect-a-con-los-angeles-winter-2026#offer
Show - Collect-A-Con LA Los Angeles Dec 2026,Grade Your First Card,Two free grades to start,Results in about a minute,https://www.dcmgrading.com/grade-your-first-card
Show - Collect-A-Con LA Los Angeles Dec 2026,All Card Shows,Upcoming shows near you,"Sports, Pokémon, TCG",https://www.dcmgrading.com/card-shows
Show - Philly Show Philadelphia Dec 2026,Show Dates & Venue,Dec 11-13 in Oaks,"Hours, venue and highlights",https://www.dcmgrading.com/card-shows/philly-show-december-2026
Show - Philly Show Philadelphia Dec 2026,Card Show Offer,10% off first credits,Code CARDSHOW at checkout,https://www.dcmgrading.com/card-shows/philly-show-december-2026#offer
Show - Philly Show Philadelphia Dec 2026,Grade Your First Card,Two free grades to start,Results in about a minute,https://www.dcmgrading.com/grade-your-first-card
Show - Philly Show Philadelphia Dec 2026,All Card Shows,Upcoming shows near you,"Sports, Pokémon, TCG",https://www.dcmgrading.com/card-shows
Show - Orlando Card Show Dec 2026,Show Dates & Venue,Dec 18-19 in Apopka,"Hours, venue and highlights",https://www.dcmgrading.com/card-shows/orlando-card-show-dec-2026
Show - Orlando Card Show Dec 2026,Card Show Offer,10% off first credits,Code CARDSHOW at checkout,https://www.dcmgrading.com/card-shows/orlando-card-show-dec-2026#offer
Show - Orlando Card Show Dec 2026,Grade Your First Card,Two free grades to start,Results in about a minute,https://www.dcmgrading.com/grade-your-first-card
Show - Orlando Card Show Dec 2026,All Card Shows,Upcoming shows near you,"Sports, Pokémon, TCG",https://www.dcmgrading.com/card-shows