Campaign,Callout text
Show - Pokemon Worlds San Francisco Aug 2026,Grade Cards From A Photo
Show - Pokemon Worlds San Francisco Aug 2026,Check Centering First
Show - Pokemon Worlds San Francisco Aug 2026,No Mailing Required
Show - Pokemon Worlds San Francisco Aug 2026,10% Off With CARDSHOW
Show - Pokemon Worlds San Francisco Aug 2026,Real Sold-Listing Pricing
Show - Collect-A-Con Richmond Aug 2026,Grade Cards From A Photo
Show - Collect-A-Con Richmond Aug 2026,Check Centering First
Show - Collect-A-Con Richmond Aug 2026,No Mailing Required
Show - Collect-A-Con Richmond Aug 2026,10% Off With CARDSHOW
Show - Collect-A-Con Richmond Aug 2026,Real Sold-Listing Pricing
Show - Collect-A-Con Charlotte Aug 2026,Grade Cards From A Photo
Show - Collect-A-Con Charlotte Aug 2026,Check Centering First
Show - Collect-A-Con Charlotte Aug 2026,No Mailing Required
Show - Collect-A-Con Charlotte Aug 2026,10% Off With CARDSHOW
Show - Collect-A-Con Charlotte Aug 2026,Real Sold-Listing Pricing
Show - Culture Collision Atlanta Sep 2026,Grade Cards From A Photo
Show - Culture Collision Atlanta Sep 2026,Check Centering First
Show - Culture Collision Atlanta Sep 2026,No Mailing Required
Show - Culture Collision Atlanta Sep 2026,10% Off With CARDSHOW
Show - Culture Collision Atlanta Sep 2026,Real Sold-Listing Pricing
Show - Collect-A-Con SF San Francisco Sep 2026,Grade Cards From A Photo
Show - Collect-A-Con SF San Francisco Sep 2026,Check Centering First
Show - Collect-A-Con SF San Francisco Sep 2026,No Mailing Required
Show - Collect-A-Con SF San Francisco Sep 2026,10% Off With CARDSHOW
Show - Collect-A-Con SF San Francisco Sep 2026,Real Sold-Listing Pricing
Show - Northeast Card Expo Stamford Sep 2026,Grade Cards From A Photo
Show - Northeast Card Expo Stamford Sep 2026,Check Centering First
Show - Northeast Card Expo Stamford Sep 2026,No Mailing Required
Show - Northeast Card Expo Stamford Sep 2026,10% Off With CARDSHOW
Show - Northeast Card Expo Stamford Sep 2026,Real Sold-Listing Pricing
Show - Pokemon Regionals Baltimore Sep 2026,Grade Cards From A Photo
Show - Pokemon Regionals Baltimore Sep 2026,Check Centering First
Show - Pokemon Regionals Baltimore Sep 2026,No Mailing Required
Show - Pokemon Regionals Baltimore Sep 2026,10% Off With CARDSHOW
Show - Pokemon Regionals Baltimore Sep 2026,Real Sold-Listing Pricing
Show - Raleigh Card Show Sep 2026,Grade Cards From A Photo
Show - Raleigh Card Show Sep 2026,Check Centering First
Show - Raleigh Card Show Sep 2026,No Mailing Required
Show - Raleigh Card Show Sep 2026,10% Off With CARDSHOW
Show - Raleigh Card Show Sep 2026,Real Sold-Listing Pricing
Show - Poke Fest Nashville Sep 2026,Grade Cards From A Photo
Show - Poke Fest Nashville Sep 2026,Check Centering First
Show - Poke Fest Nashville Sep 2026,No Mailing Required
Show - Poke Fest Nashville Sep 2026,10% Off With CARDSHOW
Show - Poke Fest Nashville Sep 2026,Real Sold-Listing Pricing
Show - Philly Show Philadelphia Sep 2026,Grade Cards From A Photo
Show - Philly Show Philadelphia Sep 2026,Check Centering First
Show - Philly Show Philadelphia Sep 2026,No Mailing Required
Show - Philly Show Philadelphia Sep 2026,10% Off With CARDSHOW
Show - Philly Show Philadelphia Sep 2026,Real Sold-Listing Pricing
Show - Collect-A-Con ATL Atlanta Sep 2026,Grade Cards From A Photo
Show - Collect-A-Con ATL Atlanta Sep 2026,Check Centering First
Show - Collect-A-Con ATL Atlanta Sep 2026,No Mailing Required
Show - Collect-A-Con ATL Atlanta Sep 2026,10% Off With CARDSHOW
Show - Collect-A-Con ATL Atlanta Sep 2026,Real Sold-Listing Pricing
Show - Midwest Monster Indianapolis Oct 2026,Grade Cards From A Photo
Show - Midwest Monster Indianapolis Oct 2026,Check Centering First
Show - Midwest Monster Indianapolis Oct 2026,No Mailing Required
Show - Midwest Monster Indianapolis Oct 2026,10% Off With CARDSHOW
Show - Midwest Monster Indianapolis Oct 2026,Real Sold-Listing Pricing
Show - Trading Card Con Nashville Oct 2026,Grade Cards From A Photo
Show - Trading Card Con Nashville Oct 2026,Check Centering First
Show - Trading Card Con Nashville Oct 2026,No Mailing Required
Show - Trading Card Con Nashville Oct 2026,10% Off With CARDSHOW
Show - Trading Card Con Nashville Oct 2026,Real Sold-Listing Pricing
Show - Pokemon Regionals Louisville Oct 2026,Grade Cards From A Photo
Show - Pokemon Regionals Louisville Oct 2026,Check Centering First
Show - Pokemon Regionals Louisville Oct 2026,No Mailing Required
Show - Pokemon Regionals Louisville Oct 2026,10% Off With CARDSHOW
Show - Pokemon Regionals Louisville Oct 2026,Real Sold-Listing Pricing
Show - Collect-A-Con Chicago Oct 2026,Grade Cards From A Photo
Show - Collect-A-Con Chicago Oct 2026,Check Centering First
Show - Collect-A-Con Chicago Oct 2026,No Mailing Required
Show - Collect-A-Con Chicago Oct 2026,10% Off With CARDSHOW
Show - Collect-A-Con Chicago Oct 2026,Real Sold-Listing Pricing
Show - Dallas Card Show Oct 2026,Grade Cards From A Photo
Show - Dallas Card Show Oct 2026,Check Centering First
Show - Dallas Card Show Oct 2026,No Mailing Required
Show - Dallas Card Show Oct 2026,10% Off With CARDSHOW
Show - Dallas Card Show Oct 2026,Real Sold-Listing Pricing
Show - Chantilly Show Oct 2026,Grade Cards From A Photo
Show - Chantilly Show Oct 2026,Check Centering First
Show - Chantilly Show Oct 2026,No Mailing Required
Show - Chantilly Show Oct 2026,10% Off With CARDSHOW
Show - Chantilly Show Oct 2026,Real Sold-Listing Pricing
Show - Northeast Card Expo Portland Oct 2026,Grade Cards From A Photo
Show - Northeast Card Expo Portland Oct 2026,Check Centering First
Show - Northeast Card Expo Portland Oct 2026,No Mailing Required
Show - Northeast Card Expo Portland Oct 2026,10% Off With CARDSHOW
Show - Northeast Card Expo Portland Oct 2026,Real Sold-Listing Pricing
Show - Fall Classic Long Island Oct 2026,Grade Cards From A Photo
Show - Fall Classic Long Island Oct 2026,Check Centering First
Show - Fall Classic Long Island Oct 2026,No Mailing Required
Show - Fall Classic Long Island Oct 2026,10% Off With CARDSHOW
Show - Fall Classic Long Island Oct 2026,Real Sold-Listing Pricing
Show - Philly Non-Sports Philadelphia Oct 2026,Grade Cards From A Photo
Show - Philly Non-Sports Philadelphia Oct 2026,Check Centering First
Show - Philly Non-Sports Philadelphia Oct 2026,No Mailing Required
Show - Philly Non-Sports Philadelphia Oct 2026,10% Off With CARDSHOW
Show - Philly Non-Sports Philadelphia Oct 2026,Real Sold-Listing Pricing
Show - NASH-IONAL Nashville Oct 2026,Grade Cards From A Photo
Show - NASH-IONAL Nashville Oct 2026,Check Centering First
Show - NASH-IONAL Nashville Oct 2026,No Mailing Required
Show - NASH-IONAL Nashville Oct 2026,10% Off With CARDSHOW
Show - NASH-IONAL Nashville Oct 2026,Real Sold-Listing Pricing
Show - Collect-A-Con Houston Nov 2026,Grade Cards From A Photo
Show - Collect-A-Con Houston Nov 2026,Check Centering First
Show - Collect-A-Con Houston Nov 2026,No Mailing Required
Show - Collect-A-Con Houston Nov 2026,10% Off With CARDSHOW
Show - Collect-A-Con Houston Nov 2026,Real Sold-Listing Pricing
Show - MagicCon Atlanta Nov 2026,Grade Cards From A Photo
Show - MagicCon Atlanta Nov 2026,Check Centering First
Show - MagicCon Atlanta Nov 2026,No Mailing Required
Show - MagicCon Atlanta Nov 2026,10% Off With CARDSHOW
Show - MagicCon Atlanta Nov 2026,Real Sold-Listing Pricing
Show - Sports Spectacular Chicago Nov 2026,Grade Cards From A Photo
Show - Sports Spectacular Chicago Nov 2026,Check Centering First
Show - Sports Spectacular Chicago Nov 2026,No Mailing Required
Show - Sports Spectacular Chicago Nov 2026,10% Off With CARDSHOW
Show - Sports Spectacular Chicago Nov 2026,Real Sold-Listing Pricing
Show - Collect-A-Con NJ New Jersey Nov 2026,Grade Cards From A Photo
Show - Collect-A-Con NJ New Jersey Nov 2026,Check Centering First
Show - Collect-A-Con NJ New Jersey Nov 2026,No Mailing Required
Show - Collect-A-Con NJ New Jersey Nov 2026,10% Off With CARDSHOW
Show - Collect-A-Con NJ New Jersey Nov 2026,Real Sold-Listing Pricing
Show - Northeast Card Expo Boston Nov 2026,Grade Cards From A Photo
Show - Northeast Card Expo Boston Nov 2026,Check Centering First
Show - Northeast Card Expo Boston Nov 2026,No Mailing Required
Show - Northeast Card Expo Boston Nov 2026,10% Off With CARDSHOW
Show - Northeast Card Expo Boston Nov 2026,Real Sold-Listing Pricing
Show - Pokemon Regionals Las Vegas Dec 2026,Grade Cards From A Photo
Show - Pokemon Regionals Las Vegas Dec 2026,Check Centering First
Show - Pokemon Regionals Las Vegas Dec 2026,No Mailing Required
Show - Pokemon Regionals Las Vegas Dec 2026,10% Off With CARDSHOW
Show - Pokemon Regionals Las Vegas Dec 2026,Real Sold-Listing Pricing
Show - Collect-A-Con LA Los Angeles Dec 2026,Grade Cards From A Photo
Show - Collect-A-Con LA Los Angeles Dec 2026,Check Centering First
Show - Collect-A-Con LA Los Angeles Dec 2026,No Mailing Required
Show - Collect-A-Con LA Los Angeles Dec 2026,10% Off With CARDSHOW
Show - Collect-A-Con LA Los Angeles Dec 2026,Real Sold-Listing Pricing
Show - Philly Show Philadelphia Dec 2026,Grade Cards From A Photo
Show - Philly Show Philadelphia Dec 2026,Check Centering First
Show - Philly Show Philadelphia Dec 2026,No Mailing Required
Show - Philly Show Philadelphia Dec 2026,10% Off With CARDSHOW
Show - Philly Show Philadelphia Dec 2026,Real Sold-Listing Pricing
Show - Orlando Card Show Dec 2026,Grade Cards From A Photo
Show - Orlando Card Show Dec 2026,Check Centering First
Show - Orlando Card Show Dec 2026,No Mailing Required
Show - Orlando Card Show Dec 2026,10% Off With CARDSHOW
Show - Orlando Card Show Dec 2026,Real Sold-Listing Pricing